,Event Name,No. of Processors,No. of Layers,Min. Split,Min. Clients,NN Flops [TFLOPs],NN Memory [GB],Fraction Aggregator,Fraction Server / Edge,Fraction Clients,Avg. Processor Power [GFLOP/s],Avg. Processor Full Residual [GB],Avg. Processor Portion,Avg. Link Bandwidth [GB/s],Avg. Input Data Size [GB],Avg. Intermediate Results Size [GB],Avg. Weights Data Size [GB],PL Outcome,PL Best Path,PL Train Time [s],PL Runtime [s],FL Outcome,FL Aggregator,FL Clients,FL Train Time [s],FL Runtime [s],SL Outcome,SL Server,SL Clients,SL Train Time [s],SL Runtime [s],PSL Outcome,PSL Server,PSL Clients,PSL Train Time [s],PSL Runtime [s],FSL Outcome,FSL Agg Server,FSL Edge Servers,FSL Clients,FSL Train Time [s],FSL Runtime [s],Best Architecture,Best Train Time [s]
Event 0,event_0,100,7,3,3,0.006559962,2.02331930398941,0.001,0.75,0.25,42.2771923283523,6.5,1,10000000000,0.000810277642072,0.0364494323730469,2.02331930398941,Success,"[0, 3, 3, 0, 4, 4, 4]",1.2011648221496776,0.986565113067627,Success,processor_32,"['processor_3', 'processor_0', 'processor_25']",0.39400959144593445,0.6378965377807617,Success,processor_3,"['processor_0', 'processor_25', 'processor_4']",1.1774848207700654,0.069671630859375,Success,processor_3,"['processor_0', 'processor_25', 'processor_4']",0.6607390107252253,0.06846833229064941,Success,processor_6,"['processor_0', 'processor_2', 'processor_1']","['processor_3', 'processor_4', 'processor_5']",0.5026692210893359,0.0014796257019042969,FL,0.39400959144593445
Event 1,event_1,100,7,3,3,0.006559962,2.02331930398941,0.001,0.75,0.25,41.67859875395867,6.5,1,10000000000,0.000810277642072,0.0364494323730469,2.02331930398941,Success,"[0, 19, 19, 0, 15, 15, 15]",1.1833974552357842,0.8834424018859863,Success,processor_44,"['processor_19', 'processor_0', 'processor_15']",0.3995732652458428,0.671473503112793,Success,processor_19,"['processor_0', 'processor_15', 'processor_13']",1.184234787111395,0.054128170013427734,Success,processor_19,"['processor_0', 'processor_15', 'processor_13']",0.6616329080486718,0.05298948287963867,Success,processor_6,"['processor_1', 'processor_2', 'processor_4']","['processor_0', 'processor_3', 'processor_5']",0.4247343588861506,0.0012767314910888672,FL,0.3995732652458428
Event 2,event_2,100,7,3,3,0.006559962,2.02331930398941,0.001,0.75,0.25,24.6698635048352,6.5,1,10000000000,0.000810277642072,0.0364494323730469,2.02331930398941,Success,"[16, 22, 22, 16, 11, 11, 11]",1.1751745859233529,0.9625575542449951,Success,processor_38,"['processor_22', 'processor_16', 'processor_11']",0.4002751138917847,0.7018907070159912,Success,processor_22,"['processor_16', 'processor_11', 'processor_25']",1.1772693984256835,0.06836199760437012,Success,processor_22,"['processor_16', 'processor_11', 'processor_25']",0.6585097380243576,0.05403637886047363,Success,processor_1,"['processor_5', 'processor_0', 'processor_2']","['processor_4', 'processor_6', 'processor_3']",0.487717026219589,0.0013401508331298828,FL,0.4002751138917847
Event 3,event_3,100,7,3,3,0.006559962,2.02331930398941,0.001,0.75,0.25,25.048290269637285,6.5,1,10000000000,0.000810277642072,0.0364494323730469,2.02331930398941,Success,"[8, 22, 22, 8, 23, 23, 23]",1.242421830752391,1.028475046157837,Success,processor_40,"['processor_22', 'processor_8', 'processor_25']",0.44468109557840835,0.7073774337768555,Success,processor_22,"['processor_8', 'processor_25', 'processor_23']",1.2230889027527287,0.06748080253601074,Success,processor_22,"['processor_8', 'processor_25', 'processor_23']",0.6772434408218677,0.06719374656677246,Success,processor_3,"['processor_1', 'processor_5', 'processor_0']","['processor_2', 'processor_4', 'processor_6']",0.4593134095897106,0.0015490055084228516,FL,0.44468109557840835
Event 4,event_4,100,7,3,3,0.006559962,2.02331930398941,0.001,0.75,0.25,21.99953083116696,6.5,1,10000000000,0.000810277642072,0.0364494323730469,2.02331930398941,Success,"[3, 3, 3, 12, 16, 16, 16]",1.1758078272965231,0.7672131061553955,Success,processor_38,"['processor_25', 'processor_3', 'processor_12']",0.3923259955681631,0.700066328048706,Success,processor_25,"['processor_3', 'processor_12', 'processor_16']",1.1613328686525999,0.06611275672912598,Success,processor_25,"['processor_3', 'processor_12', 'processor_16']",0.6500027357277972,0.06529426574707031,Success,processor_4,"['processor_2', 'processor_5', 'processor_0']","['processor_3', 'processor_1', 'processor_6']",0.4957017454362026,0.001605987548828125,FL,0.3923259955681631
Event 5,event_5,100,7,3,3,0.006559962,2.02331930398941,0.001,0.75,0.25,31.342612956049756,6.5,1,10000000000,0.000810277642072,0.0364494323730469,2.02331930398941,Success,"[15, 15, 15, 18, 19, 19, 19]",1.1988878407512709,0.9123373031616211,Success,processor_47,"['processor_15', 'processor_18', 'processor_19']",0.4219254014137401,0.7109484672546387,Success,processor_15,"['processor_18', 'processor_19', 'processor_20']",1.1959727188311888,0.07003355026245117,Success,processor_15,"['processor_18', 'processor_19', 'processor_20']",0.663920850333012,0.06700611114501953,Success,processor_4,"['processor_5', 'processor_6', 'processor_3']","['processor_1', 'processor_0', 'processor_2']",0.4447275316223739,0.0019352436065673828,FL,0.4219254014137401
Event 6,event_6,100,7,3,3,0.006559962,2.02331930398941,0.001,0.75,0.25,19.79389983904863,6.5,1,10000000000,0.000810277642072,0.0364494323730469,2.02331930398941,Success,"[2, 2, 2, 22, 7, 7, 7]",1.2047886256828941,0.9164822101593018,Success,processor_46,"['processor_2', 'processor_22', 'processor_7']",0.41767066435610184,0.6679069995880127,Success,processor_2,"['processor_22', 'processor_7', 'processor_12']",1.2012208684681884,0.06673073768615723,Success,processor_2,"['processor_22', 'processor_7', 'processor_12']",0.6618886573277711,0.06658697128295898,Success,processor_0,"['processor_5', 'processor_1', 'processor_3']","['processor_2', 'processor_6', 'processor_4']",0.546554283110148,0.0013980865478515625,FL,0.41767066435610184
Event 7,event_7,100,7,3,3,0.006559962,2.02331930398941,0.001,0.75,0.25,29.00141877274001,6.5,1,10000000000,0.000810277642072,0.0364494323730469,2.02331930398941,Success,"[21, 24, 24, 21, 23, 23, 23]",1.1617949222105497,1.256204605102539,Success,processor_45,"['processor_24', 'processor_21', 'processor_23']",0.38983437999170245,0.689129114151001,Success,processor_24,"['processor_21', 'processor_23', 'processor_25']",1.164019866434164,0.07117414474487305,Success,processor_24,"['processor_21', 'processor_23', 'processor_25']",0.6513755482431418,0.06640362739562988,Success,processor_3,"['processor_4', 'processor_0', 'processor_5']","['processor_1', 'processor_2', 'processor_6']",0.45111027263564457,0.0014576911926269531,FL,0.38983437999170245
Event 8,event_8,100,7,3,3,0.006559962,2.02331930398941,0.001,0.75,0.25,42.66503237145195,6.5,1,10000000000,0.000810277642072,0.0364494323730469,2.02331930398941,Success,"[0, 0, 0, 10, 22, 22, 22]",1.1623475708220925,0.9407989978790283,Success,processor_30,"['processor_0', 'processor_10', 'processor_22']",0.3907611958534756,0.6348323822021484,Success,processor_0,"['processor_10', 'processor_22', 'processor_13']",1.1627519957791914,0.06843757629394531,Success,processor_0,"['processor_10', 'processor_22', 'processor_13']",0.6501557611261792,0.06633567810058594,Success,processor_3,"['processor_4', 'processor_6', 'processor_5']","['processor_0', 'processor_1', 'processor_2']",0.4036636797146642,0.001369476318359375,FL,0.3907611958534756
Event 9,event_9,100,7,3,3,0.006559962,2.02331930398941,0.001,0.75,0.25,33.339665315339055,6.5,1,10000000000,0.000810277642072,0.0364494323730469,2.02331930398941,Success,"[14, 14, 14, 24, 22, 22, 22]",1.2133373487104344,1.1260778903961182,Success,processor_31,"['processor_14', 'processor_24', 'processor_22']",0.4170301666756428,0.6111805438995361,Success,processor_14,"['processor_24', 'processor_22', 'processor_11']",1.2078937894298185,0.07048702239990234,Success,processor_14,"['processor_24', 'processor_22', 'processor_11']",0.6694759029756024,0.06391096115112305,Success,processor_6,"['processor_5', 'processor_3', 'processor_2']","['processor_4', 'processor_0', 'processor_1']",0.42893417786083515,0.0015139579772949219,FL,0.4170301666756428
Event 10,event_10,100,7,3,3,0.006559962,2.02331930398941,0.001,0.75,0.25,40.13392527173119,6.5,1,10000000000,0.000810277642072,0.0364494323730469,2.02331930398941,Success,"[11, 11, 11, 16, 22, 22, 22]",1.1824376345707674,0.8478782176971436,Success,processor_48,"['processor_11', 'processor_8', 'processor_16']",0.4003011927942015,0.6388468742370605,Success,processor_11,"['processor_8', 'processor_16', 'processor_22']",1.176733995647996,0.05464601516723633,Success,processor_11,"['processor_8', 'processor_16', 'processor_22']",0.6539050398255843,0.05394911766052246,Success,processor_5,"['processor_2', 'processor_1', 'processor_4']","['processor_0', 'processor_6', 'processor_3']",0.5207929097940593,0.0017557144165039062,FL,0.4003011927942015
Event 11,event_11,100,7,3,3,0.006559962,2.02331930398941,0.001,0.75,0.25,22.156352257148928,6.5,1,10000000000,0.000810277642072,0.0364494323730469,2.02331930398941,Success,"[5, 24, 24, 5, 23, 23, 23]",1.2578458411092277,1.2433760166168213,Success,processor_51,"['processor_24', 'processor_25', 'processor_5']",0.4169369203485382,0.6477820873260498,Success,processor_24,"['processor_25', 'processor_5', 'processor_23']",1.234134780187186,0.056157588958740234,Success,processor_24,"['processor_25', 'processor_5', 'processor_23']",0.6890158917182259,0.054726362228393555,Success,processor_0,"['processor_2', 'processor_6', 'processor_3']","['processor_5', 'processor_4', 'processor_1']",0.44801502473484794,0.0015947818756103516,FL,0.4169369203485382
Event 12,event_12,100,7,3,3,0.006559962,2.02331930398941,0.001,0.75,0.25,42.171299672350834,6.5,1,10000000000,0.000810277642072,0.0364494323730469,2.02331930398941,Success,"[0, 3, 3, 0, 14, 14, 14]",1.1658840251041491,0.9368767738342285,Success,processor_50,"['processor_3', 'processor_0', 'processor_14']",0.3939489053350455,0.6933636665344238,Success,processor_3,"['processor_0', 'processor_14', 'processor_11']",1.1615365380031082,0.0653836727142334,Success,processor_3,"['processor_0', 'processor_14', 'processor_11']",0.6467855974129889,0.055002689361572266,Success,processor_6,"['processor_0', 'processor_2', 'processor_5']","['processor_3', 'processor_1', 'processor_4']",0.42645246759822314,0.0012755393981933594,FL,0.3939489053350455
Event 13,event_13,100,7,3,3,0.006559962,2.02331930398941,0.001,0.75,0.25,18.83593450420426,6.5,1,10000000000,0.000810277642072,0.0364494323730469,2.02331930398941,Success,"[2, 8, 8, 2, 21, 21, 21]",1.198729414278417,1.0390939712524414,Success,processor_46,"['processor_8', 'processor_2', 'processor_21']",0.40265030061712104,0.6877961158752441,Success,processor_8,"['processor_2', 'processor_21', 'processor_23']",1.1962123272143623,0.06728076934814453,Success,processor_8,"['processor_2', 'processor_21', 'processor_23']",0.6680969755627136,0.06640863418579102,Success,processor_3,"['processor_6', 'processor_1', 'processor_0']","['processor_2', 'processor_4', 'processor_5']",0.5780329011784715,0.001474618911743164,FL,0.40265030061712104
Event 14,event_14,100,7,3,3,0.006559962,2.02331930398941,0.001,0.75,0.25,38.82949616687266,6.5,1,10000000000,0.000810277642072,0.0364494323730469,2.02331930398941,Success,"[4, 4, 4, 13, 23, 23, 23]",1.1936843660721188,0.993441104888916,Success,processor_43,"['processor_4', 'processor_13', 'processor_23']",0.4086570808042115,0.6984703540802002,Success,processor_4,"['processor_13', 'processor_23', 'processor_24']",1.1927869746683954,0.07066035270690918,Success,processor_4,"['processor_13', 'processor_23', 'processor_24']",0.6583804491037941,0.06725573539733887,Success,processor_6,"['processor_0', 'processor_2', 'processor_1']","['processor_4', 'processor_5', 'processor_3']",0.4639243739417165,0.0014121532440185547,FL,0.4086570808042115
Event 15,event_15,100,7,3,3,0.006559962,2.02331930398941,0.001,0.75,0.25,25.944668800923495,6.5,1,10000000000,0.000810277642072,0.0364494323730469,2.02331930398941,Success,"[1, 2, 2, 1, 24, 24, 24]",1.216299852794562,1.0746104717254639,Success,processor_36,"['processor_2', 'processor_1', 'processor_25']",0.41150905795817627,0.6775410175323486,Success,processor_2,"['processor_1', 'processor_25', 'processor_24']",1.196871795806613,0.0673377513885498,Success,processor_2,"['processor_1', 'processor_25', 'processor_24']",0.6611293267618293,0.06375789642333984,Success,processor_5,"['processor_1', 'processor_0', 'processor_3']","['processor_2', 'processor_4', 'processor_6']",0.5643653435740295,0.0023260116577148438,FL,0.41150905795817627
Event 16,event_16,100,7,3,3,0.006559962,2.02331930398941,0.001,0.75,0.25,34.623174227056865,6.5,1,10000000000,0.000810277642072,0.0364494323730469,2.02331930398941,Success,"[5, 20, 20, 5, 13, 13, 13]",1.1785307473224478,0.9869565963745117,Success,processor_49,"['processor_20', 'processor_25', 'processor_5']",0.38851823666931506,0.677415132522583,Success,processor_20,"['processor_25', 'processor_5', 'processor_13']",1.1616874037114922,0.06735634803771973,Success,processor_20,"['processor_25', 'processor_5', 'processor_13']",0.6516513039559751,0.06550335884094238,Success,processor_4,"['processor_2', 'processor_1', 'processor_3']","['processor_5', 'processor_0', 'processor_6']",0.3760446032052628,0.0020172595977783203,FSL,0.3760446032052628
Event 17,event_17,100,7,3,3,0.006559962,2.02331930398941,0.001,0.75,0.25,41.61334555914538,6.5,1,10000000000,0.000810277642072,0.0364494323730469,2.02331930398941,Success,"[17, 17, 17, 24, 12, 12, 12]",1.1659168360890169,0.8498280048370361,Success,processor_32,"['processor_17', 'processor_24', 'processor_0']",0.3941035886517198,0.6769144535064697,Success,processor_17,"['processor_24', 'processor_0', 'processor_12']",1.1595976912482509,0.07092928886413574,Success,processor_17,"['processor_24', 'processor_0', 'processor_12']",0.6472695313833117,0.06466174125671387,Success,processor_3,"['processor_1', 'processor_5', 'processor_6']","['processor_0', 'processor_2', 'processor_4']",0.46614963836227113,0.002014636993408203,FL,0.3941035886517198
Event 18,event_18,100,7,3,3,0.006559962,2.02331930398941,0.001,0.75,0.25,41.13338895123999,6.5,1,10000000000,0.000810277642072,0.0364494323730469,2.02331930398941,Success,"[5, 5, 5, 8, 16, 16, 16]",1.1663267295125601,0.9027009010314941,Success,processor_45,"['processor_5', 'processor_8', 'processor_16']",0.3934236366619818,0.6107735633850098,Success,processor_5,"['processor_8', 'processor_16', 'processor_0']",1.1669172843463247,0.06952285766601562,Success,processor_5,"['processor_8', 'processor_16', 'processor_0']",0.6527537821655229,0.06726384162902832,Success,processor_1,"['processor_0', 'processor_6', 'processor_2']","['processor_5', 'processor_4', 'processor_3']",0.5154284609686457,0.00151824951171875,FL,0.3934236366619818
Event 19,event_19,100,7,3,3,0.006559962,2.02331930398941,0.001,0.75,0.25,41.60735593485459,6.5,1,10000000000,0.000810277642072,0.0364494323730469,2.02331930398941,Success,"[0, 0, 0, 1, 14, 14, 14]",1.1967524382280301,0.9766552448272705,Success,processor_43,"['processor_0', 'processor_1', 'processor_14']",0.4036293867997446,0.6167006492614746,Success,processor_0,"['processor_1', 'processor_14', 'processor_2']",1.1971387425780429,0.06866073608398438,Success,processor_0,"['processor_1', 'processor_14', 'processor_2']",0.6684108222024587,0.06793546676635742,Success,processor_6,"['processor_1', 'processor_4', 'processor_5']","['processor_0', 'processor_2', 'processor_3']",0.3826052831325408,0.0016472339630126953,FSL,0.3826052831325408
Event 20,event_20,100,7,3,3,0.006559962,2.02331930398941,0.001,0.75,0.25,39.63319451422916,6.5,1,10000000000,0.000810277642072,0.0364494323730469,2.02331930398941,Success,"[1, 1, 1, 22, 17, 17, 17]",1.1546797454410413,0.980100154876709,Success,processor_29,"['processor_1', 'processor_22', 'processor_17']",0.38832986235178674,0.6572470664978027,Success,processor_1,"['processor_22', 'processor_17', 'processor_9']",1.158132168866966,0.05804014205932617,Success,processor_1,"['processor_22', 'processor_17', 'processor_9']",0.6481379836447984,0.05299544334411621,Success,processor_2,"['processor_0', 'processor_3', 'processor_6']","['processor_1', 'processor_4', 'processor_5']",0.42130469940916176,0.0013003349304199219,FL,0.38832986235178674
Event 21,event_21,100,7,3,3,0.006559962,2.02331930398941,0.001,0.75,0.25,38.64213693381102,6.5,1,10000000000,0.000810277642072,0.0364494323730469,2.02331930398941,Success,"[7, 7, 7, 24, 23, 23, 23]",1.2433575035869397,0.899846076965332,Success,processor_40,"['processor_25', 'processor_7', 'processor_24']",0.4146573795206154,0.6849865913391113,Success,processor_25,"['processor_7', 'processor_24', 'processor_0']",1.1970110645929473,0.06893301010131836,Success,processor_25,"['processor_7', 'processor_24', 'processor_0']",0.6640984782467582,0.06764364242553711,Success,processor_3,"['processor_2', 'processor_1', 'processor_6']","['processor_0', 'processor_5', 'processor_4']",0.4596450397771977,0.0017876625061035156,FL,0.4146573795206154
Event 22,event_22,100,7,3,3,0.006559962,2.02331930398941,0.001,0.75,0.25,29.996267566657167,6.5,1,10000000000,0.000810277642072,0.0364494323730469,2.02331930398941,Success,"[4, 18, 18, 4, 14, 14, 14]",1.2311950844509623,0.8038980960845947,Success,processor_36,"['processor_18', 'processor_4', 'processor_14']",0.43509660278289863,0.6936812400817871,Success,processor_18,"['processor_4', 'processor_14', 'processor_13']",1.2137474397244856,0.06917977333068848,Success,processor_18,"['processor_4', 'processor_14', 'processor_13']",0.6674533823325062,0.06949758529663086,Success,processor_5,"['processor_3', 'processor_2', 'processor_6']","['processor_4', 'processor_1', 'processor_0']",0.40193963714948977,0.0014908313751220703,FSL,0.40193963714948977
Event 23,event_23,100,7,3,3,0.006559962,2.02331930398941,0.001,0.75,0.25,21.322721691035355,6.5,1,10000000000,0.000810277642072,0.0364494323730469,2.02331930398941,Success,"[17, 24, 24, 17, 19, 19, 19]",1.2024067843664517,1.0688350200653076,Success,processor_34,"['processor_24', 'processor_17', 'processor_19']",0.409198625154713,0.6945948600769043,Success,processor_24,"['processor_17', 'processor_19', 'processor_11']",1.1994925941484111,0.07040953636169434,Success,processor_24,"['processor_17', 'processor_19', 'processor_11']",0.6689708707704322,0.06732583045959473,Success,processor_3,"['processor_4', 'processor_6', 'processor_2']","['processor_1', 'processor_5', 'processor_0']",0.5737646818263485,0.0014700889587402344,FL,0.409198625154713
Event 24,event_24,100,7,3,3,0.006559962,2.02331930398941,0.001,0.75,0.25,22.053368535934204,6.5,1,10000000000,0.000810277642072,0.0364494323730469,2.02331930398941,Success,"[7, 23, 23, 7, 21, 21, 21]",1.2220967191683263,1.001251220703125,Success,processor_36,"['processor_23', 'processor_7', 'processor_21']",0.4302087213394559,0.6942799091339111,Success,processor_23,"['processor_7', 'processor_21', 'processor_14']",1.2185497436052475,0.06712698936462402,Success,processor_23,"['processor_7', 'processor_21', 'processor_14']",0.6772779717916055,0.06679630279541016,Success,processor_6,"['processor_1', 'processor_5', 'processor_0']","['processor_2', 'processor_3', 'processor_4']",0.4776573410151078,0.0015354156494140625,FL,0.4302087213394559
Event 25,event_25,100,7,3,3,0.006559962,2.02331930398941,0.001,0.75,0.25,34.227296696631065,6.5,1,10000000000,0.000810277642072,0.0364494323730469,2.02331930398941,Success,"[1, 1, 1, 15, 8, 8, 8]",1.2001293525993137,0.8243668079376221,Success,processor_47,"['processor_1', 'processor_15', 'processor_8']",0.40817143699033,0.6609790325164795,Success,processor_1,"['processor_15', 'processor_8', 'processor_12']",1.1975302896167481,0.06892085075378418,Success,processor_1,"['processor_15', 'processor_8', 'processor_12']",0.6649089396158661,0.06962203979492188,Success,processor_5,"['processor_0', 'processor_6', 'processor_3']","['processor_1', 'processor_4', 'processor_2']",0.4222737913652379,0.0017368793487548828,FL,0.40817143699033
Event 26,event_26,100,7,3,3,0.006559962,2.02331930398941,0.001,0.75,0.25,29.939720940258212,6.5,1,10000000000,0.000810277642072,0.0364494323730469,2.02331930398941,Success,"[3, 21, 21, 3, 17, 17, 17]",1.1596984704091768,1.053018569946289,Success,processor_45,"['processor_21', 'processor_3', 'processor_17']",0.3909980459862,0.6092288494110107,Success,processor_21,"['processor_3', 'processor_17', 'processor_18']",1.162715804049258,0.06717133522033691,Success,processor_21,"['processor_3', 'processor_17', 'processor_18']",0.6504256500754911,0.06617474555969238,Success,processor_1,"['processor_6', 'processor_2', 'processor_4']","['processor_3', 'processor_5', 'processor_0']",0.492330231023214,0.0014498233795166016,FL,0.3909980459862
Event 27,event_27,100,7,3,3,0.006559962,2.02331930398941,0.001,0.75,0.25,22.010499592404855,6.5,1,10000000000,0.000810277642072,0.0364494323730469,2.02331930398941,Success,"[1, 1, 1, 17, 7, 7, 7]",1.1765620622786563,1.0114588737487793,Success,processor_30,"['processor_1', 'processor_25', 'processor_17']",0.3924766569446743,0.616950511932373,Success,processor_1,"['processor_25', 'processor_17', 'processor_7']",1.168972305150296,0.06990957260131836,Success,processor_1,"['processor_25', 'processor_17', 'processor_7']",0.6529960648391847,0.06762933731079102,Success,processor_4,"['processor_6', 'processor_5', 'processor_0']","['processor_1', 'processor_3', 'processor_2']",0.49743419695905605,0.0013997554779052734,FL,0.3924766569446743
Event 28,event_28,100,7,3,3,0.006559962,2.02331930398941,0.001,0.75,0.25,27.018578315345422,6.5,1,10000000000,0.000810277642072,0.0364494323730469,2.02331930398941,Success,"[5, 12, 12, 19, 5, 5, 5]",1.2117914200079942,0.960308313369751,Success,processor_43,"['processor_12', 'processor_19', 'processor_5']",0.4085158637349594,0.6401503086090088,Success,processor_12,"['processor_19', 'processor_5', 'processor_24']",1.209153139748671,0.05501508712768555,Success,processor_12,"['processor_19', 'processor_5', 'processor_24']",0.6736799239340459,0.0542752742767334,Success,processor_4,"['processor_6', 'processor_1', 'processor_2']","['processor_5', 'processor_3', 'processor_0']",0.43734706811931495,0.0013155937194824219,FL,0.4085158637349594
Event 29,event_29,100,7,3,3,0.006559962,2.02331930398941,0.001,0.75,0.25,38.16115493722694,6.5,1,10000000000,0.000810277642072,0.0364494323730469,2.02331930398941,Success,"[5, 5, 5, 24, 14, 14, 14]",1.193290582069509,0.8855807781219482,Success,processor_50,"['processor_5', 'processor_24', 'processor_14']",0.40380619926701533,0.6888351440429688,Success,processor_5,"['processor_24', 'processor_14', 'processor_0']",1.2038464566462528,0.07327890396118164,Success,processor_5,"['processor_24', 'processor_14', 'processor_0']",0.6756717804331193,0.06702685356140137,Success,processor_4,"['processor_0', 'processor_6', 'processor_3']","['processor_5', 'processor_2', 'processor_1']",0.5372828765296819,0.0014014244079589844,FL,0.40380619926701533
Event 30,event_30,100,7,3,3,0.006559962,2.02331930398941,0.001,0.75,0.25,29.821550374209707,6.5,1,10000000000,0.000810277642072,0.0364494323730469,2.02331930398941,Success,"[2, 2, 2, 13, 14, 14, 14]",1.2031399126667968,0.7571942806243896,Success,processor_30,"['processor_2', 'processor_13', 'processor_14']",0.4092196595850777,0.686697244644165,Success,processor_2,"['processor_13', 'processor_14', 'processor_3']",1.200581829865975,0.07090210914611816,Success,processor_2,"['processor_13', 'processor_14', 'processor_3']",0.6657104463671232,0.06680417060852051,Success,processor_1,"['processor_3', 'processor_0', 'processor_6']","['processor_2', 'processor_5', 'processor_4']",0.4981524187551976,0.0014710426330566406,FL,0.4092196595850777
Event 31,event_31,100,7,3,3,0.006559962,2.02331930398941,0.001,0.75,0.25,19.363610077975657,6.5,1,10000000000,0.000810277642072,0.0364494323730469,2.02331930398941,Success,"[7, 24, 24, 18, 7, 7, 7]",1.1754557546295061,0.9046463966369629,Success,processor_42,"['processor_24', 'processor_18', 'processor_7']",0.39588652256650464,0.6740415096282959,Success,processor_24,"['processor_18', 'processor_7', 'processor_6']",1.1767469184299943,0.07069182395935059,Success,processor_24,"['processor_18', 'processor_7', 'processor_6']",0.6591462598805409,0.06745505332946777,Success,processor_0,"['processor_2', 'processor_1', 'processor_4']","['processor_6', 'processor_3', 'processor_5']",0.5154569462155989,0.0017724037170410156,FL,0.39588652256650464
Event 32,event_32,100,7,3,3,0.006559962,2.02331930398941,0.001,0.75,0.25,21.005808596347762,6.5,1,10000000000,0.000810277642072,0.0364494323730469,2.02331930398941,Success,"[22, 23, 23, 22, 19, 19, 19]",1.1996311750366409,1.158585548400879,Success,processor_49,"['processor_23', 'processor_22', 'processor_19']",0.41184885787829245,0.6778714656829834,Success,processor_23,"['processor_22', 'processor_19', 'processor_16']",1.1984908967097037,0.07543420791625977,Success,processor_23,"['processor_22', 'processor_19', 'processor_16']",0.6682099788648552,0.07064652442932129,Success,processor_1,"['processor_6', 'processor_2', 'processor_5']","['processor_4', 'processor_3', 'processor_0']",0.5817702224720009,0.0017256736755371094,FL,0.41184885787829245
Event 33,event_33,100,7,3,3,0.006559962,2.02331930398941,0.001,0.75,0.25,27.49168076112946,6.5,1,10000000000,0.000810277642072,0.0364494323730469,2.02331930398941,Success,"[19, 21, 21, 19, 17, 17, 17]",1.1752024919551762,1.005854845046997,Success,processor_48,"['processor_21', 'processor_19', 'processor_17']",0.3920004846739152,0.6841933727264404,Success,processor_21,"['processor_19', 'processor_17', 'processor_15']",1.1755110131244975,0.07273173332214355,Success,processor_21,"['processor_19', 'processor_17', 'processor_15']",0.6581662862686503,0.06898689270019531,Success,processor_3,"['processor_5', 'processor_6', 'processor_1']","['processor_4', 'processor_2', 'processor_0']",0.4542456906872899,0.0020678043365478516,FL,0.3920004846739152
Event 34,event_34,100,7,3,3,0.006559962,2.02331930398941,0.001,0.75,0.25,41.24251394257256,6.5,1,10000000000,0.000810277642072,0.0364494323730469,2.02331930398941,Success,"[6, 6, 6, 22, 12, 12, 12]",1.1615614949518176,0.8580987453460693,Success,processor_40,"['processor_6', 'processor_22', 'processor_12']",0.3946550340363668,0.614130973815918,Success,processor_6,"['processor_22', 'processor_12', 'processor_0']",1.1596899557660134,0.07051610946655273,Success,processor_6,"['processor_22', 'processor_12', 'processor_0']",0.6476503465572466,0.06639933586120605,Success,processor_4,"['processor_0', 'processor_3', 'processor_5']","['processor_6', 'processor_2', 'processor_1']",0.5025459845091859,0.002034902572631836,FL,0.3946550340363668
Event 35,event_35,100,7,3,3,0.006559962,2.02331930398941,0.001,0.75,0.25,41.12258683015508,6.5,1,10000000000,0.000810277642072,0.0364494323730469,2.02331930398941,Success,"[19, 22, 22, 19, 14, 14, 14]",1.1725397773752513,0.9990103244781494,Success,processor_27,"['processor_22', 'processor_19', 'processor_14']",0.39736430482609447,0.6109652519226074,Success,processor_22,"['processor_19', 'processor_14', 'processor_0']",1.168837198577085,0.07167506217956543,Success,processor_22,"['processor_19', 'processor_14', 'processor_0']",0.6521171978904042,0.06644892692565918,Success,processor_2,"['processor_5', 'processor_4', 'processor_3']","['processor_0', 'processor_1', 'processor_6']",0.476465666074435,0.0017211437225341797,FL,0.39736430482609447
Event 36,event_36,100,7,3,3,0.006559962,2.02331930398941,0.001,0.75,0.25,20.013164202419077,6.5,1,10000000000,0.000810277642072,0.0364494323730469,2.02331930398941,Success,"[10, 10, 10, 16, 13, 13, 13]",1.1992699003911667,0.8698179721832275,Success,processor_40,"['processor_10', 'processor_16', 'processor_13']",0.4021271789065975,0.6622946262359619,Success,processor_10,"['processor_16', 'processor_13', 'processor_1']",1.1985047025952462,0.05924654006958008,Success,processor_10,"['processor_16', 'processor_13', 'processor_1']",0.6693114016597969,0.05310797691345215,Success,processor_3,"['processor_4', 'processor_6', 'processor_0']","['processor_1', 'processor_2', 'processor_5']",0.48950430762383573,0.0013468265533447266,FL,0.4021271789065975
Event 37,event_37,100,7,3,3,0.006559962,2.02331930398941,0.001,0.75,0.25,40.84088463387771,6.5,1,10000000000,0.000810277642072,0.0364494323730469,2.02331930398941,Success,"[0, 22, 22, 0, 14, 14, 14]",1.1985972217438432,1.0355265140533447,Success,processor_36,"['processor_22', 'processor_0', 'processor_14']",0.40317602582886275,0.6761343479156494,Success,processor_22,"['processor_0', 'processor_14', 'processor_12']",1.2013048086981852,0.0689687728881836,Success,processor_22,"['processor_0', 'processor_14', 'processor_12']",0.6710645202470089,0.06646251678466797,Success,processor_4,"['processor_1', 'processor_3', 'processor_5']","['processor_0', 'processor_2', 'processor_6']",0.40457692029294917,0.001817941665649414,FL,0.40317602582886275
Event 38,event_38,100,7,3,3,0.006559962,2.02331930398941,0.001,0.75,0.25,22.285014449076698,6.5,1,10000000000,0.000810277642072,0.0364494323730469,2.02331930398941,Success,"[8, 22, 22, 16, 8, 8, 8]",1.2454406226206205,0.8552100658416748,Success,processor_27,"['processor_25', 'processor_22', 'processor_16']",0.4149518389290715,0.6826045513153076,Success,processor_25,"['processor_22', 'processor_16', 'processor_8']",1.2057397833246235,0.07254600524902344,Success,processor_25,"['processor_22', 'processor_16', 'processor_8']",0.6656876310083637,0.0643613338470459,Success,processor_4,"['processor_3', 'processor_1', 'processor_2']","['processor_6', 'processor_5', 'processor_0']",0.5602676444303952,0.0028061866760253906,FL,0.4149518389290715
Event 39,event_39,100,7,3,3,0.006559962,2.02331930398941,0.001,0.75,0.25,27.52319021559054,6.5,1,10000000000,0.000810277642072,0.0364494323730469,2.02331930398941,Success,"[9, 9, 9, 13, 12, 12, 12]",1.2767411193096976,0.8310668468475342,Success,processor_37,"['processor_9', 'processor_13', 'processor_25']",0.44379821419884957,0.6714975833892822,Success,processor_9,"['processor_13', 'processor_25', 'processor_12']",1.2665356728076194,0.06983566284179688,Success,processor_9,"['processor_13', 'processor_25', 'processor_12']",0.6988195291764977,0.06734204292297363,Success,processor_3,"['processor_1', 'processor_6', 'processor_4']","['processor_5', 'processor_0', 'processor_2']",0.5381238739015933,0.0014286041259765625,FL,0.44379821419884957
Event 40,event_40,100,7,3,3,0.006559962,2.02331930398941,0.001,0.75,0.25,24.475848193987037,6.5,1,10000000000,0.000810277642072,0.0364494323730469,2.02331930398941,Success,"[3, 5, 5, 3, 17, 17, 17]",1.2082331742733758,0.8084588050842285,Success,processor_35,"['processor_5', 'processor_3', 'processor_17']",0.4090775139744851,0.8360533714294434,Success,processor_5,"['processor_3', 'processor_17', 'processor_9']",1.1997418508357363,0.06662273406982422,Success,processor_5,"['processor_3', 'processor_17', 'processor_9']",0.6640960593478454,0.0671989917755127,Success,processor_0,"['processor_3', 'processor_4', 'processor_6']","['processor_5', 'processor_1', 'processor_2']",0.37197417030474555,0.0014159679412841797,FSL,0.37197417030474555
Event 41,event_41,100,7,3,3,0.006559962,2.02331930398941,0.001,0.75,0.25,21.919579218131584,6.5,1,10000000000,0.000810277642072,0.0364494323730469,2.02331930398941,Success,"[4, 23, 23, 22, 4, 4, 4]",1.1736905693633255,0.9757537841796875,Success,processor_41,"['processor_23', 'processor_22', 'processor_4']",0.39460883521915924,0.6153569221496582,Success,processor_23,"['processor_22', 'processor_4', 'processor_15']",1.1759657396083167,0.06917691230773926,Success,processor_23,"['processor_22', 'processor_4', 'processor_15']",0.6594305094240759,0.06699419021606445,Success,processor_3,"['processor_5', 'processor_2', 'processor_1']","['processor_4', 'processor_6', 'processor_0']",0.5688452631470098,0.001522064208984375,FL,0.39460883521915924
Event 42,event_42,100,7,3,3,0.006559962,2.02331930398941,0.001,0.75,0.25,39.73230657149814,6.5,1,10000000000,0.000810277642072,0.0364494323730469,2.02331930398941,Success,"[0, 17, 17, 21, 0, 0, 0]",1.2051686458511086,0.8661653995513916,Success,processor_42,"['processor_17', 'processor_21', 'processor_0']",0.41276149835568626,0.6125447750091553,Success,processor_17,"['processor_21', 'processor_0', 'processor_5']",1.1938175447230945,0.06699657440185547,Success,processor_17,"['processor_21', 'processor_0', 'processor_5']",0.6639839048478957,0.06602048873901367,Success,processor_1,"['processor_5', 'processor_2', 'processor_3']","['processor_0', 'processor_4', 'processor_6']",0.3744783101792239,0.0015628337860107422,FSL,0.3744783101792239
Event 43,event_43,100,7,3,3,0.006559962,2.02331930398941,0.001,0.75,0.25,18.556864413737582,6.5,1,10000000000,0.000810277642072,0.0364494323730469,2.02331930398941,Success,"[5, 5, 5, 10, 2, 2, 2]",1.1533842707437154,0.8616793155670166,Success,processor_42,"['processor_5', 'processor_10', 'processor_2']",0.38767171637918174,0.668694019317627,Success,processor_5,"['processor_10', 'processor_2', 'processor_9']",1.1530072473554078,0.06616687774658203,Success,processor_5,"['processor_10', 'processor_2', 'processor_9']",0.6447996600795477,0.05711054801940918,Success,processor_0,"['processor_2', 'processor_6', 'processor_1']","['processor_5', 'processor_3', 'processor_4']",0.543802509141098,0.0013654232025146484,FL,0.38767171637918174
Event 44,event_44,100,7,3,3,0.006559962,2.02331930398941,0.001,0.75,0.25,18.892901363534836,6.5,1,10000000000,0.000810277642072,0.0364494323730469,2.02331930398941,Success,"[3, 3, 3, 20, 11, 11, 11]",1.1645954809241053,0.8569135665893555,Success,processor_50,"['processor_3', 'processor_20', 'processor_11']",0.3917398000618527,0.66147780418396,Success,processor_3,"['processor_20', 'processor_11', 'processor_2']",1.1674756866181903,0.06840920448303223,Success,processor_3,"['processor_20', 'processor_11', 'processor_2']",0.6518092744716937,0.06591033935546875,Success,processor_0,"['processor_2', 'processor_4', 'processor_1']","['processor_3', 'processor_5', 'processor_6']",0.4202678367124836,0.0016939640045166016,FL,0.3917398000618527
Event 45,event_45,100,7,3,3,0.006559962,2.02331930398941,0.001,0.75,0.25,43.02254552066423,6.5,1,10000000000,0.000810277642072,0.0364494323730469,2.02331930398941,Success,"[0, 12, 12, 0, 10, 10, 10]",1.1551947273072365,0.9356071949005127,Success,processor_29,"['processor_12', 'processor_0', 'processor_10']",0.39087091197586243,0.6613852977752686,Success,processor_12,"['processor_0', 'processor_10', 'processor_23']",1.1538144109987587,0.06726694107055664,Success,processor_12,"['processor_0', 'processor_10', 'processor_23']",0.6449076863958586,0.06592583656311035,Success,processor_4,"['processor_3', 'processor_1', 'processor_6']","['processor_0', 'processor_5', 'processor_2']",0.3536916134051556,0.0015430450439453125,FSL,0.3536916134051556
Event 46,event_46,100,7,3,3,0.006559962,2.02331930398941,0.001,0.75,0.25,23.872568661516866,6.5,1,10000000000,0.000810277642072,0.0364494323730469,2.02331930398941,Success,"[3, 3, 3, 9, 12, 12, 12]",1.243729281814419,0.905789852142334,Success,processor_48,"['processor_3', 'processor_9', 'processor_12']",0.42243087160472387,0.6725947856903076,Success,processor_3,"['processor_9', 'processor_12', 'processor_23']",1.2422818855760769,0.06974935531616211,Success,processor_3,"['processor_9', 'processor_12', 'processor_23']",0.691936930208133,0.06649303436279297,Success,processor_6,"['processor_5', 'processor_2', 'processor_4']","['processor_3', 'processor_1', 'processor_0']",0.49631071147936645,0.0014307498931884766,FL,0.42243087160472387
Event 47,event_47,100,7,3,3,0.006559962,2.02331930398941,0.001,0.75,0.25,34.49376172786121,6.5,1,10000000000,0.000810277642072,0.0364494323730469,2.02331930398941,Success,"[11, 11, 11, 24, 5, 5, 5]",1.1875971795693698,0.8565371036529541,Success,processor_44,"['processor_11', 'processor_24', 'processor_5']",0.40488150585396326,0.629563570022583,Success,processor_11,"['processor_24', 'processor_5', 'processor_4']",1.200401037779372,0.06802964210510254,Success,processor_11,"['processor_24', 'processor_5', 'processor_4']",0.6727519693772442,0.06744217872619629,Success,processor_2,"['processor_4', 'processor_3', 'processor_1']","['processor_5', 'processor_0', 'processor_6']",0.43730693481610844,0.002045154571533203,FL,0.40488150585396326
Event 48,event_48,100,7,3,3,0.006559962,2.02331930398941,0.001,0.75,0.25,21.439165079843317,6.5,1,10000000000,0.000810277642072,0.0364494323730469,2.02331930398941,Success,"[4, 13, 13, 4, 15, 15, 15]",1.1902540879843433,0.8096566200256348,Success,processor_40,"['processor_13', 'processor_4', 'processor_15']",0.3986196028625892,0.6297764778137207,Success,processor_13,"['processor_4', 'processor_15', 'processor_6']",1.1888530995166136,0.061583757400512695,Success,processor_13,"['processor_4', 'processor_15', 'processor_6']",0.6649083060465283,0.06593775749206543,Success,processor_0,"['processor_6', 'processor_1', 'processor_5']","['processor_4', 'processor_2', 'processor_3']",0.33411236777633485,0.0016396045684814453,FSL,0.33411236777633485
Event 49,event_49,100,7,3,3,0.006559962,2.02331930398941,0.001,0.75,0.25,30.10305883561908,6.5,1,10000000000,0.000810277642072,0.0364494323730469,2.02331930398941,Success,"[10, 21, 21, 10, 4, 4, 4]",1.194142563149299,0.9010367393493652,Success,processor_51,"['processor_21', 'processor_10', 'processor_4']",0.40471087527014776,0.664233922958374,Success,processor_21,"['processor_10', 'processor_4', 'processor_13']",1.1916632082147256,0.06791567802429199,Success,processor_21,"['processor_10', 'processor_4', 'processor_13']",0.6657743302558,0.060137271881103516,Success,processor_1,"['processor_6', 'processor_0', 'processor_3']","['processor_4', 'processor_2', 'processor_5']",0.49632994734119046,0.0014808177947998047,FL,0.40471087527014776
Event 50,event_50,100,7,3,3,0.006559962,2.02331930398941,0.001,0.75,0.25,35.009004921250124,6.5,1,10000000000,0.000810277642072,0.0364494323730469,2.02331930398941,Success,"[3, 3, 3, 18, 22, 22, 22]",1.237909668760168,0.9301197528839111,Success,processor_33,"['processor_3', 'processor_18', 'processor_22']",0.43759505861029313,0.665663480758667,Success,processor_3,"['processor_18', 'processor_22', 'processor_13']",1.2278555541323142,0.07004809379577637,Success,processor_3,"['processor_18', 'processor_22', 'processor_13']",0.6729643619343718,0.06767702102661133,Success,processor_4,"['processor_1', 'processor_0', 'processor_2']","['processor_3', 'processor_6', 'processor_5']",0.39556153015095424,0.0014612674713134766,FSL,0.39556153015095424
Event 51,event_51,100,7,3,3,0.006559962,2.02331930398941,0.001,0.75,0.25,38.15467370438259,6.5,1,10000000000,0.000810277642072,0.0364494323730469,2.02331930398941,Success,"[19, 21, 21, 19, 17, 17, 17]",1.2575921610265377,0.9056713581085205,Success,processor_29,"['processor_25', 'processor_21', 'processor_19']",0.41153683126325646,0.6688439846038818,Success,processor_25,"['processor_21', 'processor_19', 'processor_0']",1.2384434325607376,0.07130742073059082,Success,processor_25,"['processor_21', 'processor_19', 'processor_0']",0.6953445507790701,0.0649106502532959,Success,processor_4,"['processor_5', 'processor_3', 'processor_6']","['processor_0', 'processor_2', 'processor_1']",0.4944612052063865,0.0014705657958984375,FL,0.41153683126325646
Event 52,event_52,100,7,3,3,0.006559962,2.02331930398941,0.001,0.75,0.25,42.954155816607006,6.5,1,10000000000,0.000810277642072,0.0364494323730469,2.02331930398941,Success,"[0, 0, 0, 1, 8, 8, 8]",1.2041034567239934,0.8228631019592285,Success,processor_34,"['processor_0', 'processor_25', 'processor_1']",0.41028973352572606,0.6657695770263672,Success,processor_0,"['processor_25', 'processor_1', 'processor_8']",1.1867718473503617,0.0684804916381836,Success,processor_0,"['processor_25', 'processor_1', 'processor_8']",0.6571667307272779,0.06895327568054199,Success,processor_3,"['processor_1', 'processor_2', 'processor_5']","['processor_0', 'processor_4', 'processor_6']",0.40557571547468474,0.002070188522338867,FSL,0.40557571547468474
Event 53,event_53,100,7,3,3,0.006559962,2.02331930398941,0.001,0.75,0.25,22.586682282145766,6.5,1,10000000000,0.000810277642072,0.0364494323730469,2.02331930398941,Success,"[2, 21, 21, 2, 22, 22, 22]",1.2070901172691386,1.1867949962615967,Success,processor_34,"['processor_25', 'processor_21', 'processor_2']",0.3977683978010246,0.6763131618499756,Success,processor_25,"['processor_21', 'processor_2', 'processor_22']",1.173769524602105,0.07020282745361328,Success,processor_25,"['processor_21', 'processor_2', 'processor_22']",0.6558048607551129,0.06496763229370117,Success,processor_1,"['processor_6', 'processor_4', 'processor_0']","['processor_2', 'processor_5', 'processor_3']",0.4734315399409595,0.00151824951171875,FL,0.3977683978010246
Event 54,event_54,100,7,3,3,0.006559962,2.02331930398941,0.001,0.75,0.25,29.83015546589949,6.5,1,10000000000,0.000810277642072,0.0364494323730469,2.02331930398941,Success,"[5, 6, 6, 5, 18, 18, 18]",1.1698822949880454,0.9126300811767578,Success,processor_37,"['processor_6', 'processor_5', 'processor_18']",0.3929160276315395,0.6353170871734619,Success,processor_6,"['processor_5', 'processor_18', 'processor_20']",1.171475988278436,0.0672917366027832,Success,processor_6,"['processor_5', 'processor_18', 'processor_20']",0.6560180346884092,0.06632399559020996,Success,processor_2,"['processor_5', 'processor_0', 'processor_4']","['processor_6', 'processor_1', 'processor_3']",0.4513164258332717,0.0015168190002441406,FL,0.3929160276315395
Event 55,event_55,100,7,3,3,0.006559962,2.02331930398941,0.001,0.75,0.25,41.26792341396387,6.5,1,10000000000,0.000810277642072,0.0364494323730469,2.02331930398941,Success,"[0, 14, 14, 0, 20, 20, 20]",1.2336719832887926,1.02207350730896,Success,processor_28,"['processor_14', 'processor_0', 'processor_20']",0.44045331774460844,0.6263782978057861,Success,processor_14,"['processor_0', 'processor_20', 'processor_19']",1.2170144896620312,0.0670633316040039,Success,processor_14,"['processor_0', 'processor_20', 'processor_19']",0.6700101464283541,0.06668305397033691,Success,processor_4,"['processor_6', 'processor_3', 'processor_2']","['processor_0', 'processor_5', 'processor_1']",0.43219333696849144,0.001458883285522461,FSL,0.43219333696849144
Event 56,event_56,100,7,3,3,0.006559962,2.02331930398941,0.001,0.75,0.25,35.25942120547256,6.5,1,10000000000,0.000810277642072,0.0364494323730469,2.02331930398941,Success,"[2, 20, 20, 12, 2, 2, 2]",1.171094843062178,0.9632167816162109,Success,processor_29,"['processor_20', 'processor_12', 'processor_2']",0.3935418685456614,0.6372594833374023,Success,processor_20,"['processor_12', 'processor_2', 'processor_24']",1.1660607090208024,0.0624845027923584,Success,processor_20,"['processor_12', 'processor_2', 'processor_24']",0.6497379519393133,0.06482911109924316,Success,processor_5,"['processor_4', 'processor_6', 'processor_1']","['processor_2', 'processor_3', 'processor_0']",0.3494931408511579,0.0014767646789550781,FSL,0.3494931408511579
Event 57,event_57,100,7,3,3,0.006559962,2.02331930398941,0.001,0.75,0.25,30.432406668660803,6.5,1,10000000000,0.000810277642072,0.0364494323730469,2.02331930398941,Success,"[7, 9, 9, 7, 22, 22, 22]",1.2557753377386516,1.0295226573944092,Success,processor_50,"['processor_9', 'processor_7', 'processor_22']",0.4198880305662584,0.6529738903045654,Success,processor_9,"['processor_7', 'processor_22', 'processor_13']",1.2591369999668962,0.06216096878051758,Success,processor_9,"['processor_7', 'processor_22', 'processor_13']",0.705125608494152,0.05866861343383789,Success,processor_3,"['processor_5', 'processor_6', 'processor_4']","['processor_2', 'processor_1', 'processor_0']",0.4443138976964208,0.001424551010131836,FL,0.4198880305662584
Event 58,event_58,100,7,3,3,0.006559962,2.02331930398941,0.001,0.75,0.25,18.697737232418802,6.5,1,10000000000,0.000810277642072,0.0364494323730469,2.02331930398941,Success,"[13, 13, 13, 15, 2, 2, 2]",1.2979650433200483,0.8438222408294678,Success,processor_43,"['processor_13', 'processor_11', 'processor_15']",0.446793218268355,0.6699929237365723,Success,processor_13,"['processor_11', 'processor_15', 'processor_2']",1.2836347469339435,0.07012414932250977,Success,processor_13,"['processor_11', 'processor_15', 'processor_2']",0.7037148720334263,0.06637430191040039,Success,processor_0,"['processor_1', 'processor_5', 'processor_6']","['processor_2', 'processor_3', 'processor_4']",0.5149986187998872,0.0016090869903564453,FL,0.446793218268355
Event 59,event_59,100,7,3,3,0.006559962,2.02331930398941,0.001,0.75,0.25,19.81601517907384,6.5,1,10000000000,0.000810277642072,0.0364494323730469,2.02331930398941,Success,"[2, 6, 6, 2, 10, 10, 10]",1.2242067350963775,0.8208284378051758,Success,processor_49,"['processor_6', 'processor_2', 'processor_10']",0.4175032407157977,0.6568951606750488,Success,processor_6,"['processor_2', 'processor_10', 'processor_12']",1.2213504748018331,0.06563282012939453,Success,processor_6,"['processor_2', 'processor_10', 'processor_12']",0.6765448897036842,0.06732749938964844,Success,processor_0,"['processor_2', 'processor_4', 'processor_5']","['processor_6', 'processor_1', 'processor_3']",0.4801824771580346,0.0016984939575195312,FL,0.4175032407157977
Event 60,event_60,100,7,3,3,0.006559962,2.02331930398941,0.001,0.75,0.25,23.017313070588262,6.5,1,10000000000,0.000810277642072,0.0364494323730469,2.02331930398941,Success,"[15, 15, 15, 20, 24, 24, 24]",1.1858521294822486,1.1643426418304443,Success,processor_27,"['processor_15', 'processor_20', 'processor_24']",0.4052284632435107,0.6631603240966797,Success,processor_15,"['processor_20', 'processor_24', 'processor_12']",1.1837315543784206,0.07293057441711426,Success,processor_15,"['processor_20', 'processor_24', 'processor_12']",0.6562222569487863,0.06635355949401855,Success,processor_1,"['processor_3', 'processor_0', 'processor_6']","['processor_4', 'processor_5', 'processor_2']",0.6100891754424947,0.0014655590057373047,FL,0.4052284632435107
Event 61,event_61,100,7,3,3,0.006559962,2.02331930398941,0.001,0.75,0.25,32.17243127309158,6.5,1,10000000000,0.000810277642072,0.0364494323730469,2.02331930398941,Success,"[1, 1, 1, 24, 15, 15, 15]",1.2127071019396207,0.8406121730804443,Success,processor_48,"['processor_1', 'processor_24', 'processor_15']",0.41877084909531487,0.658757209777832,Success,processor_1,"['processor_24', 'processor_15', 'processor_3']",1.2076670195372163,0.06895899772644043,Success,processor_1,"['processor_24', 'processor_15', 'processor_3']",0.671363034428547,0.06761932373046875,Success,processor_6,"['processor_3', 'processor_0', 'processor_2']","['processor_1', 'processor_5', 'processor_4']",0.5440830904131063,0.0014636516571044922,FL,0.41877084909531487
Event 62,event_62,100,7,3,3,0.006559962,2.02331930398941,0.001,0.75,0.25,42.58298998456367,6.5,1,10000000000,0.000810277642072,0.0364494323730469,2.02331930398941,Success,"[0, 0, 0, 17, 23, 23, 23]",1.192750272104659,0.8963613510131836,Success,processor_40,"['processor_0', 'processor_25', 'processor_17']",0.39942249513539624,0.6195700168609619,Success,processor_0,"['processor_25', 'processor_17', 'processor_23']",1.1785075516559487,0.06895017623901367,Success,processor_0,"['processor_25', 'processor_17', 'processor_23']",0.6575971904813361,0.06459879875183105,Success,processor_2,"['processor_4', 'processor_5', 'processor_3']","['processor_0', 'processor_6', 'processor_1']",0.4775401756749089,0.0018019676208496094,FL,0.39942249513539624
Event 63,event_63,100,7,3,3,0.006559962,2.02331930398941,0.001,0.75,0.25,31.289163398975038,6.5,1,10000000000,0.000810277642072,0.0364494323730469,2.02331930398941,Success,"[13, 13, 13, 22, 17, 17, 17]",1.178474576766424,0.9687812328338623,Success,processor_33,"['processor_13', 'processor_22', 'processor_17']",0.40540180966621303,0.6216857433319092,Success,processor_13,"['processor_22', 'processor_17', 'processor_14']",1.1753313073232732,0.06856560707092285,Success,processor_13,"['processor_22', 'processor_17', 'processor_14']",0.655630050689698,0.0670781135559082,Success,processor_2,"['processor_1', 'processor_3', 'processor_5']","['processor_6', 'processor_4', 'processor_0']",0.4310249296187979,0.0023207664489746094,FL,0.40540180966621303
Event 64,event_64,100,7,3,3,0.006559962,2.02331930398941,0.001,0.75,0.25,22.354542756112973,6.5,1,10000000000,0.000810277642072,0.0364494323730469,2.02331930398941,Success,"[4, 19, 19, 15, 4, 4, 4]",1.1880043111026837,0.7524583339691162,Success,processor_50,"['processor_19', 'processor_15', 'processor_25']",0.38733795381731106,0.6570334434509277,Success,processor_19,"['processor_15', 'processor_25', 'processor_4']",1.167005803220258,0.06972551345825195,Success,processor_19,"['processor_15', 'processor_25', 'processor_4']",0.6554126763310456,0.0666358470916748,Success,processor_5,"['processor_1', 'processor_3', 'processor_0']","['processor_4', 'processor_2', 'processor_6']",0.48801933329917296,0.0023527145385742188,FL,0.38733795381731106
Event 65,event_65,100,7,3,3,0.006559962,2.02331930398941,0.001,0.75,0.25,30.77086324628256,6.5,1,10000000000,0.000810277642072,0.0364494323730469,2.02331930398941,Success,"[12, 12, 12, 20, 18, 18, 18]",1.1829782564769196,0.9628465175628662,Success,processor_43,"['processor_12', 'processor_20', 'processor_18']",0.4009836326722766,0.6599223613739014,Success,processor_12,"['processor_20', 'processor_18', 'processor_14']",1.18160031108746,0.06915068626403809,Success,processor_12,"['processor_20', 'processor_18', 'processor_14']",0.6596368243535433,0.06520462036132812,Success,processor_3,"['processor_1', 'processor_5', 'processor_2']","['processor_6', 'processor_0', 'processor_4']",0.5347432022387489,0.0014505386352539062,FL,0.4009836326722766
Event 66,event_66,100,7,3,3,0.006559962,2.02331930398941,0.001,0.75,0.25,37.03299116164934,6.5,1,10000000000,0.000810277642072,0.0364494323730469,2.02331930398941,Success,"[0, 22, 22, 23, 0, 0, 0]",1.2750407893387803,0.9422481060028076,Success,processor_34,"['processor_22', 'processor_23', 'processor_0']",0.44284737056125717,0.6633901596069336,Success,processor_22,"['processor_23', 'processor_0', 'processor_8']",1.2623828145496327,0.0689706802368164,Success,processor_22,"['processor_23', 'processor_0', 'processor_8']",0.7039136460874472,0.0652763843536377,Success,processor_6,"['processor_2', 'processor_5', 'processor_4']","['processor_0', 'processor_3', 'processor_1']",0.48971824540949543,0.0014183521270751953,FL,0.44284737056125717
Event 67,event_67,100,7,3,3,0.006559962,2.02331930398941,0.001,0.75,0.25,24.411455773023192,6.5,1,10000000000,0.000810277642072,0.0364494323730469,2.02331930398941,Success,"[12, 16, 16, 12, 21, 21, 21]",1.181328672672607,1.0162394046783447,Success,processor_36,"['processor_16', 'processor_12', 'processor_21']",0.4082891941653677,0.6588318347930908,Success,processor_16,"['processor_12', 'processor_21', 'processor_10']",1.1825747043847643,0.07081294059753418,Success,processor_16,"['processor_12', 'processor_21', 'processor_10']",0.6605025778460025,0.06872749328613281,Success,processor_5,"['processor_6', 'processor_2', 'processor_4']","['processor_3', 'processor_1', 'processor_0']",0.4962266188121941,0.001961946487426758,FL,0.4082891941653677
Event 68,event_68,100,7,3,3,0.006559962,2.02331930398941,0.001,0.75,0.25,30.562758826384584,6.5,1,10000000000,0.000810277642072,0.0364494323730469,2.02331930398941,Success,"[17, 18, 18, 17, 19, 19, 19]",1.1640779515916284,1.0366687774658203,Success,processor_47,"['processor_18', 'processor_17', 'processor_19']",0.39263629553965884,0.6560475826263428,Success,processor_18,"['processor_17', 'processor_19', 'processor_14']",1.168425059980539,0.07054662704467773,Success,processor_18,"['processor_17', 'processor_19', 'processor_14']",0.6535232414884684,0.06743669509887695,Success,processor_3,"['processor_1', 'processor_6', 'processor_5']","['processor_4', 'processor_0', 'processor_2']",0.4457645114749606,0.0014908313751220703,FL,0.39263629553965884
Event 69,event_69,100,7,3,3,0.006559962,2.02331930398941,0.001,0.75,0.25,34.633293928423534,6.5,1,10000000000,0.000810277642072,0.0364494323730469,2.02331930398941,Success,"[13, 14, 14, 13, 20, 20, 20]",1.2544166089458333,1.074519157409668,Success,processor_49,"['processor_14', 'processor_13', 'processor_20']",0.4380650450845407,0.6573784351348877,Success,processor_14,"['processor_13', 'processor_20', 'processor_15']",1.2379515054837227,0.07279682159423828,Success,processor_14,"['processor_13', 'processor_20', 'processor_15']",0.6766614326184601,0.06987380981445312,Success,processor_3,"['processor_5', 'processor_6', 'processor_1']","['processor_0', 'processor_2', 'processor_4']",0.4375070707752134,0.0014064311981201172,FSL,0.4375070707752134
Event 70,event_70,100,7,3,3,0.006559962,2.02331930398941,0.001,0.75,0.25,39.7104610096793,6.5,1,10000000000,0.000810277642072,0.0364494323730469,2.02331930398941,Success,"[8, 8, 8, 9, 2, 2, 2]",1.1604256695557957,0.8371069431304932,Success,processor_48,"['processor_8', 'processor_9', 'processor_2']",0.38784778331171305,0.6267077922821045,Success,processor_8,"['processor_9', 'processor_2', 'processor_7']",1.1602915087502508,0.06972527503967285,Success,processor_8,"['processor_9', 'processor_2', 'processor_7']",0.6492324728281832,0.06760501861572266,Success,processor_5,"['processor_0', 'processor_4', 'processor_6']","['processor_2', 'processor_3', 'processor_1']",0.41974691072624887,0.0013813972473144531,FL,0.38784778331171305
Event 71,event_71,100,7,3,3,0.006559962,2.02331930398941,0.001,0.75,0.25,37.513544846015215,6.5,1,10000000000,0.000810277642072,0.0364494323730469,2.02331930398941,Success,"[13, 13, 13, 16, 23, 23, 23]",1.1851202168023742,0.990830659866333,Success,processor_44,"['processor_13', 'processor_5', 'processor_16']",0.40027010701016363,0.6335694789886475,Success,processor_13,"['processor_5', 'processor_16', 'processor_23']",1.1813705484037142,0.05846047401428223,Success,processor_13,"['processor_5', 'processor_16', 'processor_23']",0.6571425134647466,0.06689000129699707,Success,processor_3,"['processor_0', 'processor_4', 'processor_2']","['processor_5', 'processor_6', 'processor_1']",0.3822111471802267,0.0020096302032470703,FSL,0.3822111471802267
Event 72,event_72,100,7,3,3,0.006559962,2.02331930398941,0.001,0.75,0.25,21.93030786190766,6.5,1,10000000000,0.000810277642072,0.0364494323730469,2.02331930398941,Success,"[9, 9, 9, 10, 16, 16, 16]",1.225337118175958,0.9543535709381104,Success,processor_51,"['processor_9', 'processor_25', 'processor_10']",0.4237641302035121,0.6658027172088623,Success,processor_9,"['processor_25', 'processor_10', 'processor_16']",1.2018688404591122,0.06234622001647949,Success,processor_9,"['processor_25', 'processor_10', 'processor_16']",0.6670609272156262,0.058928728103637695,Success,processor_0,"['processor_3', 'processor_2', 'processor_5']","['processor_1', 'processor_6', 'processor_4']",0.4727668983519706,0.001444101333618164,FL,0.4237641302035121
Event 73,event_73,100,7,3,3,0.006559962,2.02331930398941,0.001,0.75,0.25,31.372644405010263,6.5,1,10000000000,0.000810277642072,0.0364494323730469,2.02331930398941,Success,"[13, 13, 13, 22, 20, 20, 20]",1.1527577476864552,1.0340030193328857,Success,processor_26,"['processor_13', 'processor_22', 'processor_20']",0.3878563370718157,0.6709451675415039,Success,processor_13,"['processor_22', 'processor_20', 'processor_3']",1.1535242331619657,0.06995820999145508,Success,processor_13,"['processor_22', 'processor_20', 'processor_3']",0.6452926563593337,0.06491708755493164,Success,processor_2,"['processor_5', 'processor_0', 'processor_1']","['processor_3', 'processor_6', 'processor_4']",0.41191424144309563,0.0017120838165283203,FL,0.3878563370718157
Event 74,event_74,100,7,3,3,0.006559962,2.02331930398941,0.001,0.75,0.25,25.24909962955286,6.5,1,10000000000,0.000810277642072,0.0364494323730469,2.02331930398941,Success,"[9, 9, 9, 14, 15, 15, 15]",1.2043424261722162,0.8696246147155762,Success,processor_28,"['processor_9', 'processor_14', 'processor_15']",0.41284712413996244,0.6721904277801514,Success,processor_9,"['processor_14', 'processor_15', 'processor_18']",1.2033075391418555,0.07081103324890137,Success,processor_9,"['processor_14', 'processor_15', 'processor_18']",0.670984211361812,0.06675028800964355,Success,processor_2,"['processor_3', 'processor_5', 'processor_0']","['processor_6', 'processor_4', 'processor_1']",0.439116992841435,0.0015232563018798828,FL,0.41284712413996244
Event 75,event_75,100,7,3,3,0.006559962,2.02331930398941,0.001,0.75,0.25,25.34184878191863,6.5,1,10000000000,0.000810277642072,0.0364494323730469,2.02331930398941,Success,"[7, 7, 7, 14, 20, 20, 20]",1.1590495162144188,1.019296407699585,Success,processor_36,"['processor_7', 'processor_14', 'processor_20']",0.3916078184522935,0.6825292110443115,Success,processor_7,"['processor_14', 'processor_20', 'processor_19']",1.1593654008487335,0.07111406326293945,Success,processor_7,"['processor_14', 'processor_20', 'processor_19']",0.646131481788277,0.06713628768920898,Success,processor_3,"['processor_6', 'processor_5', 'processor_2']","['processor_1', 'processor_4', 'processor_0']",0.47358705385846966,0.0019516944885253906,FL,0.3916078184522935
Event 76,event_76,100,7,3,3,0.006559962,2.02331930398941,0.001,0.75,0.25,39.499602134982254,6.5,1,10000000000,0.000810277642072,0.0364494323730469,2.02331930398941,Success,"[4, 17, 17, 4, 5, 5, 5]",1.1922150228589878,0.7506880760192871,Success,processor_47,"['processor_17', 'processor_4', 'processor_5']",0.4041851078332957,0.6647717952728271,Success,processor_17,"['processor_4', 'processor_5', 'processor_19']",1.1838915132207817,0.06952261924743652,Success,processor_17,"['processor_4', 'processor_5', 'processor_19']",0.655375989278564,0.06743311882019043,Success,processor_6,"['processor_5', 'processor_3', 'processor_1']","['processor_4', 'processor_0', 'processor_2']",0.3823236176942885,0.0014355182647705078,FSL,0.3823236176942885
Event 77,event_77,100,7,3,3,0.006559962,2.02331930398941,0.001,0.75,0.25,32.77749434290949,6.5,1,10000000000,0.000810277642072,0.0364494323730469,2.02331930398941,Success,"[3, 9, 9, 3, 7, 7, 7]",1.1596801416560765,0.8881597518920898,Success,processor_37,"['processor_9', 'processor_3', 'processor_7']",0.39193710160312,0.6207089424133301,Success,processor_9,"['processor_3', 'processor_7', 'processor_21']",1.156381676117751,0.06953763961791992,Success,processor_9,"['processor_3', 'processor_7', 'processor_21']",0.6453386810654057,0.0666189193725586,Success,processor_5,"['processor_1', 'processor_2', 'processor_6']","['processor_3', 'processor_4', 'processor_0']",0.3784204078101331,0.0014314651489257812,FSL,0.3784204078101331
Event 78,event_78,100,7,3,3,0.006559962,2.02331930398941,0.001,0.75,0.25,22.93089303275399,6.5,1,10000000000,0.000810277642072,0.0364494323730469,2.02331930398941,Success,"[7, 17, 17, 7, 2, 2, 2]",1.1750235488301066,0.8460326194763184,Success,processor_28,"['processor_17', 'processor_7', 'processor_2']",0.3945704130100047,0.6442129611968994,Success,processor_17,"['processor_7', 'processor_2', 'processor_13']",1.1829602413603792,0.05999326705932617,Success,processor_17,"['processor_7', 'processor_2', 'processor_13']",0.664002973381829,0.059142112731933594,Success,processor_6,"['processor_5', 'processor_0', 'processor_1']","['processor_2', 'processor_3', 'processor_4']",0.5882711393651637,0.0014505386352539062,FL,0.3945704130100047
Event 79,event_79,100,7,3,3,0.006559962,2.02331930398941,0.001,0.75,0.25,31.334617031089586,6.5,1,10000000000,0.000810277642072,0.0364494323730469,2.02331930398941,Success,"[5, 14, 14, 21, 5, 5, 5]",1.3221423664504361,0.8673601150512695,Success,processor_40,"['processor_14', 'processor_21', 'processor_5']",0.4562307618422514,0.6771867275238037,Success,processor_14,"['processor_21', 'processor_5', 'processor_19']",1.3072362874843946,0.06906509399414062,Success,processor_14,"['processor_21', 'processor_5', 'processor_19']",0.7258866221626797,0.06462764739990234,Success,processor_6,"['processor_0', 'processor_2', 'processor_1']","['processor_5', 'processor_4', 'processor_3']",0.5338322982520143,0.0021164417266845703,FL,0.4562307618422514
Event 80,event_80,100,7,3,3,0.006559962,2.02331930398941,0.001,0.75,0.25,26.88680463508473,6.5,1,10000000000,0.000810277642072,0.0364494323730469,2.02331930398941,Success,"[3, 3, 3, 15, 14, 14, 14]",1.1964382568372578,0.8309783935546875,Success,processor_27,"['processor_3', 'processor_15', 'processor_14']",0.4212419320782974,0.6690220832824707,Success,processor_3,"['processor_15', 'processor_14', 'processor_8']",1.1904401880487998,0.06689977645874023,Success,processor_3,"['processor_15', 'processor_14', 'processor_8']",0.6621946688471143,0.0662841796875,Success,processor_1,"['processor_6', 'processor_0', 'processor_5']","['processor_3', 'processor_2', 'processor_4']",0.5070607760870488,0.0015940666198730469,FL,0.4212419320782974
Event 81,event_81,100,7,3,3,0.006559962,2.02331930398941,0.001,0.75,0.25,33.77321579028919,6.5,1,10000000000,0.000810277642072,0.0364494323730469,2.02331930398941,Success,"[10, 10, 10, 12, 4, 4, 4]",1.2452655736295923,0.7699041366577148,Success,processor_35,"['processor_10', 'processor_12', 'processor_4']",0.41951832061319067,0.6798977851867676,Success,processor_10,"['processor_12', 'processor_4', 'processor_15']",1.246061797745225,0.06870675086975098,Success,processor_10,"['processor_12', 'processor_4', 'processor_15']",0.6950001924710159,0.06681203842163086,Success,processor_6,"['processor_0', 'processor_1', 'processor_2']","['processor_4', 'processor_5', 'processor_3']",0.5135153156259749,0.0021457672119140625,FL,0.41951832061319067
Event 82,event_82,100,7,3,3,0.006559962,2.02331930398941,0.001,0.75,0.25,35.94616274883359,6.5,1,10000000000,0.000810277642072,0.0364494323730469,2.02331930398941,Success,"[1, 1, 1, 20, 15, 15, 15]",1.182080971511114,0.9860835075378418,Success,processor_33,"['processor_1', 'processor_20', 'processor_15']",0.40890491225211006,0.658738374710083,Success,processor_1,"['processor_20', 'processor_15', 'processor_8']",1.176612204379022,0.0717320442199707,Success,processor_1,"['processor_20', 'processor_15', 'processor_8']",0.6529312348060574,0.06771230697631836,Success,processor_3,"['processor_0', 'processor_5', 'processor_4']","['processor_1', 'processor_2', 'processor_6']",0.48209511010890155,0.0018467903137207031,FL,0.40890491225211006
Event 83,event_83,100,7,3,3,0.006559962,2.02331930398941,0.001,0.75,0.25,27.7275125722572,6.5,1,10000000000,0.000810277642072,0.0364494323730469,2.02331930398941,Success,"[13, 13, 13, 17, 24, 24, 24]",1.2124034593557913,0.9660720825195312,Success,processor_48,"['processor_13', 'processor_17', 'processor_2']",0.41891174800800124,0.6225221157073975,Success,processor_13,"['processor_17', 'processor_2', 'processor_24']",1.2054548480881773,0.06920266151428223,Success,processor_13,"['processor_17', 'processor_2', 'processor_24']",0.6661025102058731,0.0680689811706543,Success,processor_4,"['processor_5', 'processor_6', 'processor_1']","['processor_2', 'processor_3', 'processor_0']",0.4520239722732262,0.002089977264404297,FL,0.41891174800800124
Event 84,event_84,100,7,3,3,0.006559962,2.02331930398941,0.001,0.75,0.25,18.685875373048127,6.5,1,10000000000,0.000810277642072,0.0364494323730469,2.02331930398941,Success,"[10, 12, 12, 10, 20, 20, 20]",1.1648846967053306,1.1486382484436035,Success,processor_28,"['processor_12', 'processor_10', 'processor_20']",0.39064505660595833,0.6254801750183105,Success,processor_12,"['processor_10', 'processor_20', 'processor_25']",1.1677554503345546,0.06934809684753418,Success,processor_12,"['processor_10', 'processor_20', 'processor_25']",0.6533106969909399,0.06552934646606445,Success,processor_0,"['processor_2', 'processor_3', 'processor_5']","['processor_6', 'processor_1', 'processor_4']",0.5732507060233659,0.0021834373474121094,FL,0.39064505660595833
Event 85,event_85,100,7,3,3,0.006559962,2.02331930398941,0.001,0.75,0.25,34.707697534571565,6.5,1,10000000000,0.000810277642072,0.0364494323730469,2.02331930398941,Success,"[3, 3, 3, 4, 7, 7, 7]",1.2191503243912263,0.9224202632904053,Success,processor_43,"['processor_25', 'processor_3', 'processor_4']",0.4017597554611917,0.6454451084136963,Success,processor_25,"['processor_3', 'processor_4', 'processor_7']",1.1925047511943367,0.05836009979248047,Success,processor_25,"['processor_3', 'processor_4', 'processor_7']",0.6693564833940576,0.06252050399780273,Success,processor_1,"['processor_4', 'processor_5', 'processor_6']","['processor_3', 'processor_0', 'processor_2']",0.39135101834927505,0.001561880111694336,FSL,0.39135101834927505
Event 86,event_86,100,7,3,3,0.006559962,2.02331930398941,0.001,0.75,0.25,39.57913211348778,6.5,1,10000000000,0.000810277642072,0.0364494323730469,2.02331930398941,Success,"[8, 22, 22, 23, 8, 8, 8]",1.2012631296684333,0.9791953563690186,Success,processor_39,"['processor_22', 'processor_23', 'processor_8']",0.4107524173648713,0.6686086654663086,Success,processor_22,"['processor_23', 'processor_8', 'processor_0']",1.1853090792383987,0.06281256675720215,Success,processor_22,"['processor_23', 'processor_8', 'processor_0']",0.6583909516425774,0.057497501373291016,Success,processor_3,"['processor_6', 'processor_2', 'processor_5']","['processor_0', 'processor_4', 'processor_1']",0.4851481571960268,0.0014014244079589844,FL,0.4107524173648713
Event 87,event_87,100,7,3,3,0.006559962,2.02331930398941,0.001,0.75,0.25,37.35366465016032,6.5,1,10000000000,0.000810277642072,0.0364494323730469,2.02331930398941,Success,"[18, 22, 22, 18, 13, 13, 13]",1.1774178537885795,0.9637484550476074,Success,processor_41,"['processor_22', 'processor_18', 'processor_13']",0.3932361192134876,0.6731061935424805,Success,processor_22,"['processor_18', 'processor_13', 'processor_4']",1.1968781462910443,0.0723116397857666,Success,processor_22,"['processor_18', 'processor_13', 'processor_4']",0.6756469596954815,0.06913352012634277,Success,processor_1,"['processor_0', 'processor_5', 'processor_2']","['processor_4', 'processor_6', 'processor_3']",0.4148354126767925,0.0014715194702148438,FL,0.3932361192134876
Event 88,event_88,100,7,3,3,0.006559962,2.02331930398941,0.001,0.75,0.25,23.195320161274484,6.5,1,10000000000,0.000810277642072,0.0364494323730469,2.02331930398941,Success,"[16, 16, 16, 21, 8, 8, 8]",1.1700335428096178,0.8894929885864258,Success,processor_43,"['processor_16', 'processor_21', 'processor_6']",0.40031495518498045,0.6798245906829834,Success,processor_16,"['processor_21', 'processor_6', 'processor_8']",1.1636844802469004,0.06996655464172363,Success,processor_16,"['processor_21', 'processor_6', 'processor_8']",0.6485207162321204,0.06638550758361816,Success,processor_5,"['processor_4', 'processor_1', 'processor_0']","['processor_6', 'processor_2', 'processor_3']",0.48720743706671,0.0015020370483398438,FL,0.40031495518498045
Event 89,event_89,100,7,3,3,0.006559962,2.02331930398941,0.001,0.75,0.25,24.15523788796821,6.5,1,10000000000,0.000810277642072,0.0364494323730469,2.02331930398941,Success,"[7, 14, 14, 7, 19, 19, 19]",1.255904993458441,0.877485990524292,Success,processor_31,"['processor_14', 'processor_7', 'processor_19']",0.4258617235990605,0.875887393951416,Success,processor_14,"['processor_7', 'processor_19', 'processor_11']",1.2610770196492689,0.06800460815429688,Success,processor_14,"['processor_7', 'processor_19', 'processor_11']",0.702744365671024,0.06563115119934082,Success,processor_3,"['processor_1', 'processor_2', 'processor_0']","['processor_5', 'processor_4', 'processor_6']",0.470014678730312,0.0018846988677978516,FL,0.4258617235990605
Event 90,event_90,100,7,3,3,0.006559962,2.02331930398941,0.001,0.75,0.25,42.254816105120256,6.5,1,10000000000,0.000810277642072,0.0364494323730469,2.02331930398941,Success,"[0, 0, 0, 6, 3, 3, 3]",1.1708100281091536,1.0105462074279785,Success,processor_49,"['processor_0', 'processor_6', 'processor_3']",0.39255721136636673,0.6758053302764893,Success,processor_0,"['processor_6', 'processor_3', 'processor_21']",1.1822568143985859,0.06890368461608887,Success,processor_0,"['processor_6', 'processor_3', 'processor_21']",0.6645779567666087,0.06752204895019531,Success,processor_5,"['processor_6', 'processor_1', 'processor_4']","['processor_0', 'processor_3', 'processor_2']",0.49583490529427177,0.0013737678527832031,FL,0.39255721136636673
Event 91,event_91,100,7,3,3,0.006559962,2.02331930398941,0.001,0.75,0.25,30.247653176617504,6.5,1,10000000000,0.000810277642072,0.0364494323730469,2.02331930398941,Success,"[5, 11, 11, 5, 6, 6, 6]",1.223378204317294,0.8285753726959229,Success,processor_50,"['processor_11', 'processor_5', 'processor_6']",0.4269065002920205,0.6459493637084961,Success,processor_11,"['processor_5', 'processor_6', 'processor_20']",1.2053585715819066,0.06749176979064941,Success,processor_11,"['processor_5', 'processor_6', 'processor_20']",0.6629210529720297,0.0672612190246582,Success,processor_3,"['processor_6', 'processor_2', 'processor_4']","['processor_5', 'processor_1', 'processor_0']",0.3960665318787085,0.0014619827270507812,FSL,0.3960665318787085
Event 92,event_92,100,7,3,3,0.006559962,2.02331930398941,0.001,0.75,0.25,39.232039590668435,6.5,1,10000000000,0.000810277642072,0.0364494323730469,2.02331930398941,Success,"[1, 10, 10, 1, 17, 17, 17]",1.1731225475868092,1.0762207508087158,Success,processor_28,"['processor_10', 'processor_1', 'processor_17']",0.3937990452315156,0.6269416809082031,Success,processor_10,"['processor_1', 'processor_17', 'processor_18']",1.171796400351746,0.06791543960571289,Success,processor_10,"['processor_1', 'processor_17', 'processor_18']",0.6553980681340952,0.06751394271850586,Success,processor_3,"['processor_4', 'processor_6', 'processor_5']","['processor_1', 'processor_0', 'processor_2']",0.4108697523324499,0.002402067184448242,FL,0.3937990452315156
Event 93,event_93,100,7,3,3,0.006559962,2.02331930398941,0.001,0.75,0.25,23.045202189152825,6.5,1,10000000000,0.000810277642072,0.0364494323730469,2.02331930398941,Success,"[7, 20, 20, 7, 2, 2, 2]",1.1883261012396502,0.9486253261566162,Success,processor_35,"['processor_20', 'processor_7', 'processor_2']",0.3974171618967402,0.6340792179107666,Success,processor_20,"['processor_7', 'processor_2', 'processor_5']",1.1892968728043396,0.07161641120910645,Success,processor_20,"['processor_7', 'processor_2', 'processor_5']",0.665285250149038,0.06772947311401367,Success,processor_0,"['processor_5', 'processor_4', 'processor_6']","['processor_2', 'processor_3', 'processor_1']",0.4206082955608204,0.0014204978942871094,FL,0.3974171618967402
Event 94,event_94,100,7,3,3,0.006559962,2.02331930398941,0.001,0.75,0.25,41.92177813746112,6.5,1,10000000000,0.000810277642072,0.0364494323730469,2.02331930398941,Success,"[2, 11, 11, 2, 0, 0, 0]",1.168475647849434,0.7656214237213135,Success,processor_44,"['processor_11', 'processor_2', 'processor_0']",0.39120406284905435,0.6774132251739502,Success,processor_11,"['processor_2', 'processor_0', 'processor_13']",1.1686957586369344,0.06844019889831543,Success,processor_11,"['processor_2', 'processor_0', 'processor_13']",0.6538500090480056,0.05692863464355469,Success,processor_6,"['processor_0', 'processor_5', 'processor_3']","['processor_2', 'processor_4', 'processor_1']",0.4535721679859548,0.0014557838439941406,FL,0.39120406284905435
Event 95,event_95,100,7,3,3,0.006559962,2.02331930398941,0.001,0.75,0.25,25.743096646843004,6.5,1,10000000000,0.000810277642072,0.0364494323730469,2.02331930398941,Success,"[10, 10, 10, 19, 20, 20, 20]",1.280798952816052,1.137864112854004,Success,processor_38,"['processor_10', 'processor_19', 'processor_20']",0.4492862778452721,0.6773285865783691,Success,processor_10,"['processor_19', 'processor_20', 'processor_16']",1.2724169180563363,0.07210469245910645,Success,processor_10,"['processor_19', 'processor_20', 'processor_16']",0.7009962710450753,0.06482243537902832,Success,processor_5,"['processor_0', 'processor_1', 'processor_4']","['processor_2', 'processor_6', 'processor_3']",0.6030836427810983,0.0014469623565673828,FL,0.4492862778452721
Event 96,event_96,100,7,3,3,0.006559962,2.02331930398941,0.001,0.75,0.25,27.546656877373984,6.5,1,10000000000,0.000810277642072,0.0364494323730469,2.02331930398941,Success,"[10, 10, 10, 12, 7, 7, 7]",1.1986703861762757,0.9532814025878906,Success,processor_47,"['processor_10', 'processor_12', 'processor_7']",0.4096867702178208,0.6792261600494385,Success,processor_10,"['processor_12', 'processor_7', 'processor_3']",1.201577759950259,0.06844878196716309,Success,processor_10,"['processor_12', 'processor_7', 'processor_3']",0.6718711097041362,0.06726956367492676,Success,processor_1,"['processor_4', 'processor_2', 'processor_0']","['processor_3', 'processor_5', 'processor_6']",0.42175675734949086,0.0014765262603759766,FL,0.4096867702178208
Event 97,event_97,100,7,3,3,0.006559962,2.02331930398941,0.001,0.75,0.25,38.561604273699984,6.5,1,10000000000,0.000810277642072,0.0364494323730469,2.02331930398941,Success,"[1, 1, 1, 9, 18, 18, 18]",1.162298195595479,0.7689967155456543,Success,processor_34,"['processor_1', 'processor_9', 'processor_18']",0.39439934362863555,0.6800940036773682,Success,processor_1,"['processor_9', 'processor_18', 'processor_7']",1.1593263217863,0.06869125366210938,Success,processor_1,"['processor_9', 'processor_18', 'processor_7']",0.6472040002101772,0.06875109672546387,Success,processor_5,"['processor_2', 'processor_4', 'processor_3']","['processor_1', 'processor_6', 'processor_0']",0.30815980909632545,0.0017638206481933594,FSL,0.30815980909632545
Event 98,event_98,100,7,3,3,0.006559962,2.02331930398941,0.001,0.75,0.25,36.19264285520096,6.5,1,10000000000,0.000810277642072,0.0364494323730469,2.02331930398941,Success,"[8, 10, 10, 8, 22, 22, 22]",1.2456503297251627,0.8998570442199707,Success,processor_30,"['processor_10', 'processor_8', 'processor_22']",0.43650849342724996,0.6743988990783691,Success,processor_10,"['processor_8', 'processor_22', 'processor_13']",1.2236300856881905,0.07209563255310059,Success,processor_10,"['processor_8', 'processor_22', 'processor_13']",0.669856421735501,0.06539678573608398,Success,processor_4,"['processor_3', 'processor_2', 'processor_1']","['processor_0', 'processor_6', 'processor_5']",0.46851780210685956,0.0019652843475341797,FL,0.43650849342724996
Event 99,event_99,100,7,3,3,0.006559962,2.02331930398941,0.001,0.75,0.25,24.55875693509994,6.5,1,10000000000,0.000810277642072,0.0364494323730469,2.02331930398941,Success,"[11, 22, 22, 11, 16, 16, 16]",1.1975296244903704,1.0266730785369873,Success,processor_37,"['processor_22', 'processor_11', 'processor_25']",0.4096764292783525,0.6389329433441162,Success,processor_22,"['processor_11', 'processor_25', 'processor_16']",1.1844494764395226,0.0711061954498291,Success,processor_22,"['processor_11', 'processor_25', 'processor_16']",0.6556024752950441,0.06740736961364746,Success,processor_3,"['processor_1', 'processor_0', 'processor_6']","['processor_5', 'processor_2', 'processor_4']",0.5213740193612297,0.0014677047729492188,FL,0.4096764292783525
